URLIn,httpStatus,URLOut,Content-Disposition,Content-Type
https://dspace.library.uu.nl/bitstream/1874/86/1/HFST3.PS,200,https://dspace.library.uu.nl/bitstream/handle/1874/86/HFST3.PS;jsessionid=83CA9703D2189BF35138591FE8CA6FB0?sequence=1,n/a,application/postscript;charset=ISO-8859-1
https://dspace.library.uu.nl/bitstream/1874/86/2/HFST4.PS,200,https://dspace.library.uu.nl/bitstream/handle/1874/86/HFST4.PS;jsessionid=5E53538818C747703417CC842DCD7006?sequence=2,n/a,application/postscript;charset=ISO-8859-1
https://dspace.library.uu.nl/bitstream/1874/86/3/HFST5.PS,200,https://dspace.library.uu.nl/bitstream/handle/1874/86/HFST5.PS;jsessionid=669104850CBAA42F75591CD8D8940DB4?sequence=3,n/a,application/postscript;charset=ISO-8859-1
https://dspace.library.uu.nl/bitstream/1874/86/4/HFST6.PS,200,https://dspace.library.uu.nl/bitstream/handle/1874/86/HFST6.PS;jsessionid=B331CDB6478BCE12E18D5C03B1E15B3E?sequence=4,n/a,application/postscript;charset=ISO-8859-1
https://dspace.library.uu.nl/bitstream/1874/86/5/HFST7.PS,200,https://dspace.library.uu.nl/bitstream/handle/1874/86/HFST7.PS;jsessionid=A3266584E81E0949CC8662F3E34E17FC?sequence=5,n/a,application/postscript;charset=ISO-8859-1
https://dspace.library.uu.nl/bitstream/1874/86/6/APPENDIX.PDF,200,https://dspace.library.uu.nl/bitstream/handle/1874/86/APPENDIX.PDF;jsessionid=BB72CE0F28E1B92D62AEF7B118B330FB?sequence=6,n/a,application/pdf;charset=ISO-8859-1
https://dspace.library.uu.nl/bitstream/1874/86/7/HFST2.PDF,200,https://dspace.library.uu.nl/bitstream/handle/1874/86/HFST2.PDF;jsessionid=2A7112E4FA8CA49974C1F93870FA2F88?sequence=7,n/a,application/pdf;charset=ISO-8859-1
https://dspace.library.uu.nl/bitstream/1874/86/8/HFST1.PDF,200,https://dspace.library.uu.nl/bitstream/handle/1874/86/HFST1.PDF;jsessionid=8517FEF5EC1A9C1E89E5A97501B0111F?sequence=8,n/a,application/pdf;charset=ISO-8859-1
https://dspace.library.uu.nl/bitstream/1874/86/9/HFST3.PDF,200,https://dspace.library.uu.nl/bitstream/handle/1874/86/HFST3.PDF;jsessionid=2B81BD5295A9F7EE6215068123C0DDF0?sequence=9,n/a,application/pdf;charset=ISO-8859-1
https://dspace.library.uu.nl/bitstream/1874/86/10/HFST4.PDF,200,https://dspace.library.uu.nl/bitstream/handle/1874/86/HFST4.PDF;jsessionid=CCAAE46CD002EEB42394E4C502E1794E?sequence=10,n/a,application/pdf;charset=ISO-8859-1
https://dspace.library.uu.nl/bitstream/1874/86/11/HFST5.PDF,200,https://dspace.library.uu.nl/bitstream/handle/1874/86/HFST5.PDF;jsessionid=C85809B864B5968E196E07DDB8CB5E15?sequence=11,n/a,application/pdf;charset=ISO-8859-1
https://dspace.library.uu.nl/bitstream/1874/86/12/HFST6.PDF,200,https://dspace.library.uu.nl/bitstream/handle/1874/86/HFST6.PDF;jsessionid=17502682B8376DE07A0B6867C8DA1AC5?sequence=12,n/a,application/pdf;charset=ISO-8859-1
https://dspace.library.uu.nl/bitstream/1874/86/13/HFST7.PDF,200,https://dspace.library.uu.nl/bitstream/handle/1874/86/HFST7.PDF;jsessionid=3A5CA88C943604BC3F33D1C533A1810B?sequence=13,n/a,application/pdf;charset=ISO-8859-1
https://dspace.library.uu.nl/bitstream/1874/86/15/APPENDIX.PS,200,https://dspace.library.uu.nl/bitstream/handle/1874/86/APPENDIX.PS;jsessionid=883A80B0E38BCD170FCA285F0107F0B4?sequence=15,n/a,application/postscript;charset=ISO-8859-1
https://dspace.library.uu.nl/bitstream/1874/86/16/HFST1.PS,200,https://dspace.library.uu.nl/bitstream/handle/1874/86/HFST1.PS;jsessionid=F0DAA3607414E06E4FF843233C8E6A39?sequence=16,n/a,application/postscript;charset=ISO-8859-1
https://dspace.library.uu.nl/bitstream/1874/86/17/HFST2.PS,200,https://dspace.library.uu.nl/bitstream/handle/1874/86/HFST2.PS;jsessionid=C34828CC1E6D0BD5DAC98C789E47C2AA?sequence=17,n/a,application/postscript;charset=ISO-8859-1
https://dspace.library.uu.nl/bitstream/1874/86/18/title.pdf,200,https://dspace.library.uu.nl/bitstream/handle/1874/86/title.pdf;jsessionid=2C2D2C8B2C6FD5C20B98F611F5BBE055?sequence=18,n/a,application/pdf;charset=ISO-8859-1
https://dspace.library.uu.nl/bitstream/1874/86/19/samenvatting.pdf,200,https://dspace.library.uu.nl/bitstream/handle/1874/86/samenvatting.pdf;jsessionid=661ED26491BB4CFC0A60AADC08832A55?sequence=19,n/a,application/pdf;charset=ISO-8859-1
https://dspace.library.uu.nl/bitstream/1874/86/20/inhoud.htm,200,https://dspace.library.uu.nl/bitstream/handle/1874/86/inhoud.htm;jsessionid=F363640812ED366F552EB5BFCDCBD549?sequence=20,n/a,text/html;charset=ISO-8859-1
https://dspace.library.uu.nl/bitstream/1874/86/21/index.pdf,200,https://dspace.library.uu.nl/bitstream/handle/1874/86/index.pdf;jsessionid=5E769706D516C2A9A53495E094EC91AC?sequence=21,n/a,application/pdf;charset=ISO-8859-1
https://dspace.library.uu.nl/bitstream/1874/86/22/cv.pdf,200,https://dspace.library.uu.nl/bitstream/handle/1874/86/cv.pdf;jsessionid=D738A02D306D9D3DBA8D2944DBA8F43C?sequence=22,n/a,application/pdf;charset=ISO-8859-1
https://dspace.library.uu.nl/bitstream/1874/86/23/contents1.pdf,200,https://dspace.library.uu.nl/bitstream/handle/1874/86/contents1.pdf;jsessionid=8B289A3719E540C350280A2D5A2CDA86?sequence=23,n/a,application/pdf;charset=ISO-8859-1
https://dspace.library.uu.nl/bitstream/1874/86/24/contents.pdf,200,https://dspace.library.uu.nl/bitstream/handle/1874/86/contents.pdf;jsessionid=2EEDE9F71E84E3845581DE34BA6B3DEC?sequence=24,n/a,application/pdf;charset=ISO-8859-1
https://dspace.library.uu.nl/bitstream/1874/86/25/c7.pdf,200,https://dspace.library.uu.nl/bitstream/handle/1874/86/c7.pdf;jsessionid=E71403B7F0D7B2EF43878A2AF745D269?sequence=25,n/a,application/pdf;charset=ISO-8859-1
https://dspace.library.uu.nl/bitstream/1874/86/26/c6.pdf,200,https://dspace.library.uu.nl/bitstream/handle/1874/86/c6.pdf;jsessionid=1A74CA20E2CC078304682323D943BE7A?sequence=26,n/a,application/pdf;charset=ISO-8859-1
https://dspace.library.uu.nl/bitstream/1874/86/27/c4.pdf,200,https://dspace.library.uu.nl/bitstream/handle/1874/86/c4.pdf;jsessionid=970B86AB4F2350DA053AFD2C61572B7E?sequence=27,n/a,application/pdf;charset=ISO-8859-1
https://dspace.library.uu.nl/bitstream/1874/86/28/c3.pdf,200,https://dspace.library.uu.nl/bitstream/handle/1874/86/c3.pdf;jsessionid=14504A05FE5AC0E11E721FF7A4914BB1?sequence=28,n/a,application/pdf;charset=ISO-8859-1
https://dspace.library.uu.nl/bitstream/1874/86/29/c2.pdf,200,https://dspace.library.uu.nl/bitstream/handle/1874/86/c2.pdf;jsessionid=2B454DC1F7C7AD68477DB9AFB822DBC4?sequence=29,n/a,application/pdf;charset=ISO-8859-1
https://dspace.library.uu.nl/bitstream/1874/86/30/c1.pdf,200,https://dspace.library.uu.nl/bitstream/handle/1874/86/c1.pdf;jsessionid=62B2E87475B683D25938B71B117EB9B7?sequence=30,n/a,application/pdf;charset=ISO-8859-1
https://dspace.library.uu.nl/bitstream/1874/86/31/bibliography.pdf,200,https://dspace.library.uu.nl/bitstream/handle/1874/86/bibliography.pdf;jsessionid=B5ECB84C0D3C7334F24C8FF0FB38D888?sequence=31,n/a,application/pdf;charset=ISO-8859-1
https://dspace.library.uu.nl/bitstream/1874/86/32/abstract.pdf,200,https://dspace.library.uu.nl/bitstream/handle/1874/86/abstract.pdf;jsessionid=691B47609452637D903AD6E10E741D93?sequence=32,n/a,application/pdf;charset=ISO-8859-1
https://dspace.library.uu.nl/bitstream/1874/86/33/c5.pdf,200,https://dspace.library.uu.nl/bitstream/handle/1874/86/c5.pdf;jsessionid=772F8C7430DC54BE509C67165A5E5DFA?sequence=33,n/a,application/pdf;charset=ISO-8859-1
https://dspace.library.uu.nl/bitstream/1874/86/34/full.pdf,200,https://dspace.library.uu.nl/bitstream/handle/1874/86/full.pdf;jsessionid=E32C72CE0A3B0945C140DA4ACF6EC81B?sequence=34,n/a,image/pdf;charset=ISO-8859-1
https://dspace.library.uu.nl/bitstream/1874/1678/1/StabilityVR1996%20tex%20typeset.pdf,200,https://dspace.library.uu.nl/bitstream/handle/1874/1678/StabilityVR1996%20tex%20typeset.pdf;jsessionid=0D10A139BFD55326E59E399AF2DDB145?sequence=1,n/a,application/pdf;charset=ISO-8859-1
https://dspace.library.uu.nl/bitstream/1874/1681/1/HowardExtension.doc.pdf,200,https://dspace.library.uu.nl/bitstream/handle/1874/1681/HowardExtension.doc.pdf;jsessionid=B30C17649FC381539A05FB11DEBEA3BE?sequence=1,n/a,application/pdf;charset=ISO-8859-1
https://dspace.library.uu.nl/bitstream/1874/1682/1/ScanningEyeMovements.doc.pdf,200,https://dspace.library.uu.nl/bitstream/handle/1874/1682/ScanningEyeMovements.doc.pdf;jsessionid=DF8ADA5B00E9CE670AEEEB6759ACC52E?sequence=1,n/a,application/pdf;charset=ISO-8859-1
https://dspace.library.uu.nl/bitstream/1874/1683/1/VisDirec.doc.pdf,200,https://dspace.library.uu.nl/bitstream/handle/1874/1683/VisDirec.doc.pdf;jsessionid=78901E92374948ADABFA3AD885F13479?sequence=1,n/a,application/pdf;charset=ISO-8859-1
https://dspace.library.uu.nl/bitstream/1874/87/1/full.pdf,200,https://dspace.library.uu.nl/bitstream/handle/1874/87/full.pdf;jsessionid=F5D8CA412F357C80687FF7B856A254EC?sequence=1,n/a,application/pdf;charset=ISO-8859-1
https://dspace.library.uu.nl/bitstream/1874/87/3/sam.pdf,200,https://dspace.library.uu.nl/bitstream/handle/1874/87/sam.pdf;jsessionid=320C6E88A5F19C86F6BE7DECB5B76AAB?sequence=3,n/a,application/pdf;charset=ISO-8859-1
https://dspace.library.uu.nl/bitstream/1874/87/4/c1.pdf,200,https://dspace.library.uu.nl/bitstream/handle/1874/87/c1.pdf;jsessionid=37F7B415283A1ACF8AE2E7CF0BE7208C?sequence=4,n/a,application/pdf;charset=ISO-8859-1
https://dspace.library.uu.nl/bitstream/1874/87/5/c2.pdf,200,https://dspace.library.uu.nl/bitstream/handle/1874/87/c2.pdf;jsessionid=A616CCF0FD58ED91741F9162D32887EA?sequence=5,n/a,application/pdf;charset=ISO-8859-1
https://dspace.library.uu.nl/bitstream/1874/87/6/c3.pdf,200,https://dspace.library.uu.nl/bitstream/handle/1874/87/c3.pdf;jsessionid=398401C6BA40815E633ADC57EFE8678B?sequence=6,n/a,application/pdf;charset=ISO-8859-1
https://dspace.library.uu.nl/bitstream/1874/87/7/c4.pdf,200,https://dspace.library.uu.nl/bitstream/handle/1874/87/c4.pdf;jsessionid=7C4AAB3F6F4C636632A0967629FFDF8C?sequence=7,n/a,application/pdf;charset=ISO-8859-1
https://dspace.library.uu.nl/bitstream/1874/87/8/c5.pdf,200,https://dspace.library.uu.nl/bitstream/handle/1874/87/c5.pdf;jsessionid=CE7095805264779D46DD564A48BF14DF?sequence=8,n/a,application/pdf;charset=ISO-8859-1
https://dspace.library.uu.nl/bitstream/1874/87/9/c6.pdf,200,https://dspace.library.uu.nl/bitstream/handle/1874/87/c6.pdf;jsessionid=48658F5F11E6C2B2EA9CBF1EE4A313E8?sequence=9,n/a,application/pdf;charset=ISO-8859-1
https://dspace.library.uu.nl/bitstream/1874/87/10/c7.pdf,200,https://dspace.library.uu.nl/bitstream/handle/1874/87/c7.pdf;jsessionid=4AB95D5716473549973A0B1EE3198FA7?sequence=10,n/a,application/pdf;charset=ISO-8859-1
https://dspace.library.uu.nl/bitstream/1874/87/11/c8.pdf,200,https://dspace.library.uu.nl/bitstream/handle/1874/87/c8.pdf;jsessionid=8D9080CD44FC0D90CEA9A7DBB66B1930?sequence=11,n/a,application/pdf;charset=ISO-8859-1
https://dspace.library.uu.nl/bitstream/1874/87/12/titpag.pdf,200,https://dspace.library.uu.nl/bitstream/handle/1874/87/titpag.pdf;jsessionid=669A2A3BC07FD78EFBF4D0633812661A?sequence=12,n/a,application/pdf;charset=ISO-8859-1
https://dspace.library.uu.nl/bitstream/1874/87/13/contents.pdf,200,https://dspace.library.uu.nl/bitstream/handle/1874/87/contents.pdf;jsessionid=3D5CFF4AAA345679D41D57BAFB0FA9EF?sequence=13,n/a,application/pdf;charset=ISO-8859-1
https://dspace.library.uu.nl/bitstream/1874/87/14/cv.pdf,200,https://dspace.library.uu.nl/bitstream/handle/1874/87/cv.pdf;jsessionid=1E6BCDC6E85D3E276D3417B692684920?sequence=14,n/a,application/pdf;charset=ISO-8859-1
https://dspace.library.uu.nl/bitstream/1874/87/15/gerwen.jpg,200,https://dspace.library.uu.nl/bitstream/handle/1874/87/gerwen.jpg;jsessionid=0D0460EF59EBD8BD92249197C199BF91?sequence=15,n/a,image/jpeg;charset=ISO-8859-1
https://dspace.library.uu.nl/bitstream/1874/87/16/glos.pdf,200,https://dspace.library.uu.nl/bitstream/handle/1874/87/glos.pdf;jsessionid=C248D86285E903AD9B820A39F2041989?sequence=16,n/a,application/pdf;charset=ISO-8859-1
https://dspace.library.uu.nl/bitstream/1874/87/17/index.pdf,200,https://dspace.library.uu.nl/bitstream/handle/1874/87/index.pdf;jsessionid=ECC791CF279E830CC34AA56DE0C9DE75?sequence=17,n/a,application/pdf;charset=ISO-8859-1
https://dspace.library.uu.nl/bitstream/1874/87/18/inhoud.htm,200,https://dspace.library.uu.nl/bitstream/handle/1874/87/inhoud.htm;jsessionid=97E54D417547E5602FC354452860F117?sequence=18,n/a,text/html;charset=ISO-8859-1
https://dspace.library.uu.nl/bitstream/1874/87/19/intro.pdf,200,https://dspace.library.uu.nl/bitstream/handle/1874/87/intro.pdf;jsessionid=8B03B2F85A8C08E639A042692934C4D7?sequence=19,n/a,application/pdf;charset=ISO-8859-1
https://dspace.library.uu.nl/bitstream/1874/87/20/part1.pdf,200,https://dspace.library.uu.nl/bitstream/handle/1874/87/part1.pdf;jsessionid=6FBBE75DFDA7ED6CD919A147B04BB7E2?sequence=20,n/a,application/pdf;charset=ISO-8859-1
https://dspace.library.uu.nl/bitstream/1874/87/21/part2.pdf,200,https://dspace.library.uu.nl/bitstream/handle/1874/87/part2.pdf;jsessionid=A8CE438079A70EEC0409915EAF7A97D9?sequence=21,n/a,application/pdf;charset=ISO-8859-1
https://dspace.library.uu.nl/bitstream/1874/87/22/part3.pdf,200,https://dspace.library.uu.nl/bitstream/handle/1874/87/part3.pdf;jsessionid=FE4A85C554AD42C106E6323F97A37BFB?sequence=22,n/a,application/pdf;charset=ISO-8859-1
https://dspace.library.uu.nl/bitstream/1874/87/23/ref.pdf,200,https://dspace.library.uu.nl/bitstream/handle/1874/87/ref.pdf;jsessionid=42CBA1FE114A87D0B8ED88FF400448E2?sequence=23,n/a,application/pdf;charset=ISO-8859-1
https://dspace.library.uu.nl/bitstream/1874/87/24/conclusions.pdf,200,https://dspace.library.uu.nl/bitstream/handle/1874/87/conclusions.pdf;jsessionid=31155600CA53A0F22BFD4B9E5E224414?sequence=24,n/a,application/pdf;charset=ISO-8859-1
https://dspace.library.uu.nl/bitstream/1874/88/1/full.pdf,200,https://dspace.library.uu.nl/bitstream/handle/1874/88/full.pdf;jsessionid=4A114C05C39ED297BE013B8C38EF7984?sequence=1,n/a,application/pdf;charset=ISO-8859-1
https://dspace.library.uu.nl/bitstream/1874/88/4/intr1.pdf,200,https://dspace.library.uu.nl/bitstream/handle/1874/88/intr1.pdf;jsessionid=46E40E3C3E5A2BB8D54542482CEF1084?sequence=4,n/a,application/pdf;charset=ISO-8859-1
https://dspace.library.uu.nl/bitstream/1874/88/5/intr2.pdf,200,https://dspace.library.uu.nl/bitstream/handle/1874/88/intr2.pdf;jsessionid=12152A5982F312C7C99ED3D382564BB9?sequence=5,n/a,application/pdf;charset=ISO-8859-1
https://dspace.library.uu.nl/bitstream/1874/88/6/inhoud.htm,200,https://dspace.library.uu.nl/bitstream/handle/1874/88/inhoud.htm;jsessionid=E4E092CF48014CDE61A94754EE104909?sequence=6,n/a,text/html;charset=ISO-8859-1
https://dspace.library.uu.nl/bitstream/1874/88/7/lexicon.pdf,200,https://dspace.library.uu.nl/bitstream/handle/1874/88/lexicon.pdf;jsessionid=40638AF780DA4BBB6A2539C8F0FCA2F3?sequence=7,n/a,application/pdf;charset=ISO-8859-1
https://dspace.library.uu.nl/bitstream/1874/88/8/pref.pdf,200,https://dspace.library.uu.nl/bitstream/handle/1874/88/pref.pdf;jsessionid=7FB9FFB757D2FCCC7CBA930028E07463?sequence=8,n/a,application/pdf;charset=ISO-8859-1
https://dspace.library.uu.nl/bitstream/1874/88/9/sam.pdf,200,https://dspace.library.uu.nl/bitstream/handle/1874/88/sam.pdf;jsessionid=EABDB35FBC9E8A3349448BD06D956ADA?sequence=9,n/a,application/pdf;charset=ISO-8859-1
https://dspace.library.uu.nl/bitstream/1874/88/10/title.pdf,200,https://dspace.library.uu.nl/bitstream/handle/1874/88/title.pdf;jsessionid=3AF19B233FEFC8CD3F12CE8C38474827?sequence=10,n/a,application/pdf;charset=ISO-8859-1
https://dspace.library.uu.nl/bitstream/1874/88/11/index_subject.pdf,200,https://dspace.library.uu.nl/bitstream/handle/1874/88/index_subject.pdf;jsessionid=BD55575551829DF30D446EC211A93A54?sequence=11,n/a,application/pdf;charset=ISO-8859-1
https://dspace.library.uu.nl/bitstream/1874/88/12/c3.pdf,200,https://dspace.library.uu.nl/bitstream/handle/1874/88/c3.pdf;jsessionid=DC8D18C7E35591FFA19D54BFE34B7897?sequence=12,n/a,application/pdf;charset=ISO-8859-1
https://dspace.library.uu.nl/bitstream/1874/88/13/index_name.pdf,200,https://dspace.library.uu.nl/bitstream/handle/1874/88/index_name.pdf;jsessionid=7B8CFE7F1DE68682123C7018AB20C185?sequence=13,n/a,application/pdf;charset=ISO-8859-1
https://dspace.library.uu.nl/bitstream/1874/88/14/cv.pdf,200,https://dspace.library.uu.nl/bitstream/handle/1874/88/cv.pdf;jsessionid=0F1E4FB026ED590E786993A94910AC44?sequence=14,n/a,application/pdf;charset=ISO-8859-1
https://dspace.library.uu.nl/bitstream/1874/88/15/contents.pdf,200,https://dspace.library.uu.nl/bitstream/handle/1874/88/contents.pdf;jsessionid=D2985DABF6D0AF0C08341F65ED10AC12?sequence=15,n/a,application/pdf;charset=ISO-8859-1
https://dspace.library.uu.nl/bitstream/1874/88/16/concordances.pdf,200,https://dspace.library.uu.nl/bitstream/handle/1874/88/concordances.pdf;jsessionid=0AF504EFD8CF886AAE38693A0F47CDF1?sequence=16,n/a,application/pdf;charset=ISO-8859-1
https://dspace.library.uu.nl/bitstream/1874/88/17/chronicle.pdf,200,https://dspace.library.uu.nl/bitstream/handle/1874/88/chronicle.pdf;jsessionid=56BEE7EC73D92D16CCAC26469D3FF9F5?sequence=17,n/a,application/pdf;charset=ISO-8859-1
https://dspace.library.uu.nl/bitstream/1874/88/18/c4.pdf,200,https://dspace.library.uu.nl/bitstream/handle/1874/88/c4.pdf;jsessionid=E9CEA7D8AFAD60B474AFAC1DBCC26F55?sequence=18,n/a,application/pdf;charset=ISO-8859-1
https://dspace.library.uu.nl/bitstream/1874/88/19/app.pdf,200,https://dspace.library.uu.nl/bitstream/handle/1874/88/app.pdf;jsessionid=4E691CBB3B332F2379E29265A4122219?sequence=19,n/a,application/pdf;charset=ISO-8859-1
https://dspace.library.uu.nl/bitstream/1874/88/20/c1.pdf,200,https://dspace.library.uu.nl/bitstream/handle/1874/88/c1.pdf;jsessionid=CBCB9C0991B3374CE1F87DCA84A5E5AC?sequence=20,n/a,application/pdf;charset=ISO-8859-1
https://dspace.library.uu.nl/bitstream/1874/88/21/bos.jpg,200,https://dspace.library.uu.nl/bitstream/handle/1874/88/bos.jpg;jsessionid=0B5E443B9013949DA4857CF8819A6384?sequence=21,n/a,image/jpeg;charset=ISO-8859-1
https://dspace.library.uu.nl/bitstream/1874/88/22/c2.pdf,200,https://dspace.library.uu.nl/bitstream/handle/1874/88/c2.pdf;jsessionid=C34015629248D233B5EF7BA9E0D67B57?sequence=22,n/a,application/pdf;charset=ISO-8859-1
https://dspace.library.uu.nl/bitstream/1874/88/23/bibl.pdf,200,https://dspace.library.uu.nl/bitstream/handle/1874/88/bibl.pdf;jsessionid=BDFB2EAD22D9C7C5C84F3D1055CC5F96?sequence=23,n/a,application/pdf;charset=ISO-8859-1
https://dspace.library.uu.nl/bitstream/1874/88/24/abbr.pdf,200,https://dspace.library.uu.nl/bitstream/handle/1874/88/abbr.pdf;jsessionid=25E9AE33D3A1459538D367CFE0D7425A?sequence=24,n/a,application/pdf;charset=ISO-8859-1
https://dspace.library.uu.nl/bitstream/1874/88/25/ack.pdf,200,https://dspace.library.uu.nl/bitstream/handle/1874/88/ack.pdf;jsessionid=2846E997F1881E17B7E225DF3126BDD9?sequence=25,n/a,application/pdf;charset=ISO-8859-1
http://dspace.library.uu.nl/bitstream/1874/89/2/full.pdf,200,https://dspace.library.uu.nl/bitstream/handle/1874/89/full.pdf;jsessionid=46C141DB1CF9A596D716D7CE80BE0F7A?sequence=2,n/a,application/pdf;charset=ISO-8859-1
http://dspace.library.uu.nl/bitstream/1874/89/4/hendriks.jpg,200,https://dspace.library.uu.nl/bitstream/handle/1874/89/hendriks.jpg;jsessionid=F5DDD0BADC8FFAD049AD94D5D15EDB03?sequence=4,n/a,image/jpeg;charset=ISO-8859-1
http://dspace.library.uu.nl/bitstream/1874/89/5/bibl.pdf,200,https://dspace.library.uu.nl/bitstream/handle/1874/89/bibl.pdf;jsessionid=B22A8DBBCA0CA40199B554CA8DB86DE9?sequence=5,n/a,application/pdf;charset=ISO-8859-1
http://dspace.library.uu.nl/bitstream/1874/89/6/c1.pdf,200,https://dspace.library.uu.nl/bitstream/handle/1874/89/c1.pdf;jsessionid=FF67DC30F42C4256D56B0CB50CD37B88?sequence=6,n/a,application/pdf;charset=ISO-8859-1
http://dspace.library.uu.nl/bitstream/1874/89/7/c2.pdf,200,https://dspace.library.uu.nl/bitstream/handle/1874/89/c2.pdf;jsessionid=BB2A2918FC9759B383E1C5E6CB1F97EC?sequence=7,n/a,application/pdf;charset=ISO-8859-1
http://dspace.library.uu.nl/bitstream/1874/89/8/c3.pdf,200,https://dspace.library.uu.nl/bitstream/handle/1874/89/c3.pdf;jsessionid=7E939980DA53DA1246A3EE0D2BE3C361?sequence=8,n/a,application/pdf;charset=ISO-8859-1
http://dspace.library.uu.nl/bitstream/1874/89/9/contents.pdf,200,https://dspace.library.uu.nl/bitstream/handle/1874/89/contents.pdf;jsessionid=70B7EFA0E437E308ED2DBC1AEF91AC74?sequence=9,n/a,application/pdf;charset=ISO-8859-1
http://dspace.library.uu.nl/bitstream/1874/89/10/cv.pdf,200,https://dspace.library.uu.nl/bitstream/handle/1874/89/cv.pdf;jsessionid=948680CADF7229E0211BA090201417AF?sequence=10,n/a,application/pdf;charset=ISO-8859-1
http://dspace.library.uu.nl/bitstream/1874/89/11/ack.pdf,200,https://dspace.library.uu.nl/bitstream/handle/1874/89/ack.pdf;jsessionid=8295478638BFD988DD3CEEAA9CC7A63A?sequence=11,n/a,application/pdf;charset=ISO-8859-1
http://dspace.library.uu.nl/bitstream/1874/89/12/inhoud.htm,200,https://dspace.library.uu.nl/bitstream/handle/1874/89/inhoud.htm;jsessionid=491DAD5B58C09AD785675449C9E66711?sequence=12,n/a,text/html;charset=ISO-8859-1
http://dspace.library.uu.nl/bitstream/1874/89/13/pref.pdf,200,https://dspace.library.uu.nl/bitstream/handle/1874/89/pref.pdf;jsessionid=4BFF3AFA27BBE22BF9140BB922E877A0?sequence=13,n/a,application/pdf;charset=ISO-8859-1
http://dspace.library.uu.nl/bitstream/1874/89/14/sam.pdf,200,https://dspace.library.uu.nl/bitstream/handle/1874/89/sam.pdf;jsessionid=BBF239283E4AA5457C20085C54685781?sequence=14,n/a,application/pdf;charset=ISO-8859-1
http://dspace.library.uu.nl/bitstream/1874/89/15/title.pdf,200,https://dspace.library.uu.nl/bitstream/handle/1874/89/title.pdf;jsessionid=84F5691728CBB447964BB84BA3E2F3DC?sequence=15,n/a,application/pdf;charset=ISO-8859-1
https://dspace.library.uu.nl/bitstream/1874/90/1/abstract.pdf,200,https://dspace.library.uu.nl/bitstream/handle/1874/90/abstract.pdf;jsessionid=AC2F09C442571418F390140AD73849EE?sequence=1,n/a,application/pdf;charset=ISO-8859-1
https://dspace.library.uu.nl/bitstream/1874/90/2/full.pdf,200,https://dspace.library.uu.nl/bitstream/handle/1874/90/full.pdf;jsessionid=9B4B5957BF1EE4CD11BD242216AF4158?sequence=2,n/a,application/pdf;charset=ISO-8859-1
https://dspace.library.uu.nl/bitstream/1874/90/5/index.pdf,200,https://dspace.library.uu.nl/bitstream/handle/1874/90/index.pdf;jsessionid=D3DD640CE467BE8561559A91A74EB845?sequence=5,n/a,application/pdf;charset=ISO-8859-1
https://dspace.library.uu.nl/bitstream/1874/90/6/cv.pdf,200,https://dspace.library.uu.nl/bitstream/handle/1874/90/cv.pdf;jsessionid=600D9613EA01882699A2CAB3F3EE9BF5?sequence=6,n/a,application/pdf;charset=ISO-8859-1
https://dspace.library.uu.nl/bitstream/1874/90/7/contents.pdf,200,https://dspace.library.uu.nl/bitstream/handle/1874/90/contents.pdf;jsessionid=9E762593273AB19D7798976FDEC42E39?sequence=7,n/a,application/pdf;charset=ISO-8859-1
https://dspace.library.uu.nl/bitstream/1874/90/8/c8.pdf,200,https://dspace.library.uu.nl/bitstream/handle/1874/90/c8.pdf;jsessionid=095CD7B82C9F72519DC6DECBA438A74A?sequence=8,n/a,application/pdf;charset=ISO-8859-1
https://dspace.library.uu.nl/bitstream/1874/90/9/c7.pdf,200,https://dspace.library.uu.nl/bitstream/handle/1874/90/c7.pdf;jsessionid=07185C67B0803C436F60D29ECD21A13F?sequence=9,n/a,application/pdf;charset=ISO-8859-1
https://dspace.library.uu.nl/bitstream/1874/90/10/c6.pdf,200,https://dspace.library.uu.nl/bitstream/handle/1874/90/c6.pdf;jsessionid=B731F978AEF952D63736149827D807AF?sequence=10,n/a,application/pdf;charset=ISO-8859-1
https://dspace.library.uu.nl/bitstream/1874/90/11/ack.pdf,200,https://dspace.library.uu.nl/bitstream/handle/1874/90/ack.pdf;jsessionid=4D4B85981417CC8D0BAA6A3EC95C75D9?sequence=11,n/a,application/pdf;charset=ISO-8859-1
https://dspace.library.uu.nl/bitstream/1874/90/12/app.pdf,200,https://dspace.library.uu.nl/bitstream/handle/1874/90/app.pdf;jsessionid=317BC6F4F1976BEC7985B817D66644B5?sequence=12,n/a,application/pdf;charset=ISO-8859-1
https://dspace.library.uu.nl/bitstream/1874/90/13/bibl.pdf,200,https://dspace.library.uu.nl/bitstream/handle/1874/90/bibl.pdf;jsessionid=43042EF47AD21F7DAE759483477CF388?sequence=13,n/a,application/pdf;charset=ISO-8859-1
https://dspace.library.uu.nl/bitstream/1874/90/14/c1.pdf,200,https://dspace.library.uu.nl/bitstream/handle/1874/90/c1.pdf;jsessionid=E8E7EC09B217C8E92B53D9B4B8143A28?sequence=14,n/a,application/pdf;charset=ISO-8859-1
https://dspace.library.uu.nl/bitstream/1874/90/15/c2.pdf,200,https://dspace.library.uu.nl/bitstream/handle/1874/90/c2.pdf;jsessionid=DA95BB386ED09D3F7CF11D8DADC55453?sequence=15,n/a,application/pdf;charset=ISO-8859-1
https://dspace.library.uu.nl/bitstream/1874/90/16/c3.pdf,200,https://dspace.library.uu.nl/bitstream/handle/1874/90/c3.pdf;jsessionid=0EB3B1203B0ADAC40AB82C9523AC3E3C?sequence=16,n/a,application/pdf;charset=ISO-8859-1
https://dspace.library.uu.nl/bitstream/1874/90/17/c4.pdf,200,https://dspace.library.uu.nl/bitstream/handle/1874/90/c4.pdf;jsessionid=C0866FA4FEB30C706356656C40653870?sequence=17,n/a,application/pdf;charset=ISO-8859-1
https://dspace.library.uu.nl/bitstream/1874/90/18/c5.pdf,200,https://dspace.library.uu.nl/bitstream/handle/1874/90/c5.pdf;jsessionid=7279DC0EF5ADB13789C489DD4A83FF30?sequence=18,n/a,application/pdf;charset=ISO-8859-1
https://dspace.library.uu.nl/bitstream/1874/90/19/inhoud.htm,200,https://dspace.library.uu.nl/bitstream/handle/1874/90/inhoud.htm;jsessionid=0FBFFB9880F6F8D60242CEB51DC54AE0?sequence=19,n/a,text/html;charset=ISO-8859-1
https://dspace.library.uu.nl/bitstream/1874/90/20/pref.pdf,200,https://dspace.library.uu.nl/bitstream/handle/1874/90/pref.pdf;jsessionid=A3BCCF06A48C43AB3BF466392EB131FB?sequence=20,n/a,application/pdf;charset=ISO-8859-1
https://dspace.library.uu.nl/bitstream/1874/90/21/sam.pdf,200,https://dspace.library.uu.nl/bitstream/handle/1874/90/sam.pdf;jsessionid=71EB14800C6BC366C10F3ACE751A4EA6?sequence=21,n/a,application/pdf;charset=ISO-8859-1
https://dspace.library.uu.nl/bitstream/1874/90/22/title.pdf,200,https://dspace.library.uu.nl/bitstream/handle/1874/90/title.pdf;jsessionid=CF2826E9BB099015EAD2803AA7625A5A?sequence=22,n/a,application/pdf;charset=ISO-8859-1
https://dspace.library.uu.nl/bitstream/1874/90/23/kuiper.jpg,200,https://dspace.library.uu.nl/bitstream/handle/1874/90/kuiper.jpg;jsessionid=F77A5F2379FD23E3D0B423349C98C4BE?sequence=23,n/a,image/jpeg;charset=ISO-8859-1
https://dspace.library.uu.nl/bitstream/1874/1097/1/M0112.pdf,200,https://dspace.library.uu.nl/bitstream/handle/1874/1097/M0112.pdf;jsessionid=584BDB5E980F2DDFA9B06FD5F8728BC3?sequence=1,n/a,application/pdf;charset=ISO-8859-1
http://repository.ubn.ru.nl/bitstream/handle/2066/13803/13803.pdf,200,http://repository.ubn.ru.nl/password-login;jsessionid=98F30FB7C48EFCCF413909A1CA25C681,n/a,text/html;charset=utf-8
http://repository.ubn.ru.nl/bitstream/handle/2066/13804/13804.pdf,200,http://repository.ubn.ru.nl/password-login;jsessionid=3D6BEF5EC14A2E95CB3758741404ABA3,n/a,text/html;charset=utf-8
http://repository.ubn.ru.nl/bitstream/handle/2066/13805/13805.pdf,200,http://repository.ubn.ru.nl/bitstream/handle/2066/13805/13805.pdf,n/a,application/pdf
http://repository.ubn.ru.nl/bitstream/handle/2066/13806/13806.pdf,200,http://repository.ubn.ru.nl/password-login;jsessionid=DBED3EBED8CCE21BDA34D4D50BDA5EF7,n/a,text/html;charset=utf-8
http://repository.ubn.ru.nl/bitstream/handle/2066/13807/13807.pdf,200,http://repository.ubn.ru.nl/password-login;jsessionid=A3A65CDE471BD7615F841F2826D586D8,n/a,text/html;charset=utf-8
http://repository.ubn.ru.nl/bitstream/handle/2066/13808/13808.pdf,200,http://repository.ubn.ru.nl/password-login;jsessionid=0445187F7C5017E4CB7CEC9D57F5A995,n/a,text/html;charset=utf-8
http://repository.ubn.ru.nl/bitstream/handle/2066/13809/13809.pdf,200,http://repository.ubn.ru.nl/password-login;jsessionid=BCF3B65FFB6A5532B65BAA4816D90963,n/a,text/html;charset=utf-8
http://repository.ubn.ru.nl/bitstream/handle/2066/13810/13810.pdf,200,http://repository.ubn.ru.nl/bitstream/handle/2066/13810/13810.pdf,n/a,application/pdf
http://repository.ubn.ru.nl/bitstream/handle/2066/13812/13812.pdf,200,http://repository.ubn.ru.nl/password-login;jsessionid=1AB88713F1576D7378A23E83BBB3BC8B,n/a,text/html;charset=utf-8
http://repository.ubn.ru.nl/bitstream/handle/2066/13814/13814.pdf,200,http://repository.ubn.ru.nl/password-login;jsessionid=C98FC1EB2278D1419EC58B2C7DA6C917,n/a,text/html;charset=utf-8
https://pure.rug.nl/ws/files/28472186/effectunpolarized.pdf,200,https://pure.rug.nl/ws/files/28472186/effectunpolarized.pdf,n/a,application/pdf
https://pure.rug.nl/ws/files/10278673/Bemelmans_2004_Eur_J_Public_Health.pdf,200,https://pure.rug.nl/ws/files/10278673/Bemelmans_2004_Eur_J_Public_Health.pdf,n/a,application/pdf
https://pure.rug.nl/ws/files/15837182/BaseballenhetRomeinserecht.pdf,200,https://pure.rug.nl/ws/files/15837182/BaseballenhetRomeinserecht.pdf,n/a,application/pdf
https://pure.rug.nl/ws/files/32089726/Bremmer-Attis-1.pdf,200,https://pure.rug.nl/ws/files/32089726/Bremmer-Attis-1.pdf,n/a,application/pdf
https://pure.rug.nl/ws/files/13254229/2004_G_O_NDV_117.pdf,200,https://pure.rug.nl/ws/files/13254229/2004_G_O_NDV_117.pdf,n/a,application/pdf
https://pure.rug.nl/ws/files/13254554/2004_G_O_Nouta_et_al._113.pdf,200,https://pure.rug.nl/ws/files/13254554/2004_G_O_Nouta_et_al._113.pdf,n/a,application/pdf
https://pure.rug.nl/ws/files/9765132/VeenstraR-Accuratesse-2004.pdf,200,https://pure.rug.nl/ws/files/9765132/VeenstraR-Accuratesse-2004.pdf,n/a,application/pdf
http://repository.tudelft.nl/assets/uuid%3A00a2a9f9-8530-42d9-80bd-9e0c09571907/as_manera_20030908.PDF,HTTP Error 404: Not Found,n/a,n/a,n/a
http://repository.tudelft.nl/assets/uuid%3A1a634194-40d7-4e1c-a5c2-7c32b99e78ee/as_kenjeres_19990202.PDF,HTTP Error 404: Not Found,n/a,n/a,n/a
http://repository.tudelft.nl/assets/uuid%3A42a12c66-a89e-4468-bd71-07e34ab9a671/tpm_anker_20030923.PDF,HTTP Error 404: Not Found,n/a,n/a,n/a
http://repository.tudelft.nl/assets/uuid%3A4776d6b3-13b7-4a0a-8259-08de6da8c743/as_duyndam_19980604.PDF,HTTP Error 404: Not Found,n/a,n/a,n/a
http://repository.tudelft.nl/assets/uuid%3A86513f19-0e70-4927-bc43-462e154d72dd/otb_bontekoning_20060206.pdf,HTTP Error 404: Not Found,n/a,n/a,n/a
http://repository.tudelft.nl/assets/uuid%3Ab29a7fa2-6bee-4b59-8aaf-b7b016e1eeba/dep_dijkstra_20040908.pdf,HTTP Error 404: Not Found,n/a,n/a,n/a
http://repository.tudelft.nl/assets/uuid%3Ae4d25e0d-6bbf-4f06-b26a-282b98215942/as_machiels_19980317.PDF,HTTP Error 404: Not Found,n/a,n/a,n/a
http://repository.tudelft.nl/assets/uuid%3Af0c0bd67-d52a-4b79-8451-1279629a5b80/3me_buchner_20021105.PDF,HTTP Error 404: Not Found,n/a,n/a,n/a
http://repository.tudelft.nl/assets/uuid%3Af230676d-285a-4784-874e-d955d67b6dad/as_kouwer_20020527.pdf,HTTP Error 404: Not Found,n/a,n/a,n/a
http://repository.tudelft.nl/assets/uuid%3Afbcab220-30c6-495f-aa4f-8a679415dd33/3me_he_20000118.PDF,HTTP Error 404: Not Found,n/a,n/a,n/a
https://openaccess.leidenuniv.nl/bitstream/1887/512/12/Stellingen.pdf,200,https://openaccess.leidenuniv.nl/bitstream/handle/1887/512/Stellingen.pdf;jsessionid=0D8076993412C07DC9B3FE953627CD6D?sequence=12,n/a,application/pdf
https://openaccess.leidenuniv.nl/bitstream/1887/512/15/Messineo.pdf,200,https://openaccess.leidenuniv.nl/bitstream/handle/1887/512/Messineo.pdf;jsessionid=E125585547A004A25424ED6943BFAE18?sequence=15,n/a,application/pdf
https://openaccess.leidenuniv.nl/bitstream/1887/512/16/nawoord.pdf,200,https://openaccess.leidenuniv.nl/bitstream/handle/1887/512/nawoord.pdf;jsessionid=74F2C42581DFC769EC1F028358960C14?sequence=16,n/a,application/pdf
https://openaccess.leidenuniv.nl/bitstream/1887/512/17/cv.pdf,200,https://openaccess.leidenuniv.nl/bitstream/handle/1887/512/cv.pdf;jsessionid=A391534C1564C0FD46D47340F36AA403?sequence=17,n/a,application/pdf
https://openaccess.leidenuniv.nl/bitstream/1887/512/18/samenvatting.pdf,200,https://openaccess.leidenuniv.nl/bitstream/handle/1887/512/samenvatting.pdf;jsessionid=53FE63A836D8797380D3CF7F0C31C67C?sequence=18,n/a,application/pdf
https://openaccess.leidenuniv.nl/bitstream/1887/512/19/07.pdf,200,https://openaccess.leidenuniv.nl/bitstream/handle/1887/512/07.pdf;jsessionid=793A1D6C6AB462890F0025BB6528377E?sequence=19,n/a,application/pdf
https://openaccess.leidenuniv.nl/bitstream/1887/512/20/06.pdf,200,https://openaccess.leidenuniv.nl/bitstream/handle/1887/512/06.pdf;jsessionid=47E094F9BDFF162AF268870B787811EC?sequence=20,n/a,application/pdf
https://openaccess.leidenuniv.nl/bitstream/1887/512/21/05.pdf,200,https://openaccess.leidenuniv.nl/bitstream/handle/1887/512/05.pdf;jsessionid=4572F04DFC0140441C742446006971D4?sequence=21,n/a,application/pdf
https://openaccess.leidenuniv.nl/bitstream/1887/512/22/04.pdf,200,https://openaccess.leidenuniv.nl/bitstream/handle/1887/512/04.pdf;jsessionid=486890BF93A47D7C63EDEC65180A6F0C?sequence=22,n/a,application/pdf
https://openaccess.leidenuniv.nl/bitstream/1887/512/23/03.pdf,200,https://openaccess.leidenuniv.nl/bitstream/handle/1887/512/03.pdf;jsessionid=FA5BB15CFD2BD19DD30EC8EE5CCD27E4?sequence=23,n/a,application/pdf
https://openaccess.leidenuniv.nl/bitstream/1887/512/24/02.pdf,200,https://openaccess.leidenuniv.nl/bitstream/handle/1887/512/02.pdf;jsessionid=E75A9C1041E2FB8A4542AE31ADC687DC?sequence=24,n/a,application/pdf
https://openaccess.leidenuniv.nl/bitstream/1887/512/25/01.pdf,200,https://openaccess.leidenuniv.nl/bitstream/handle/1887/512/01.pdf;jsessionid=D3D161F496DFE88F95B62B79FD788585?sequence=25,n/a,application/pdf
https://openaccess.leidenuniv.nl/bitstream/1887/512/26/front.pdf,200,https://openaccess.leidenuniv.nl/bitstream/handle/1887/512/front.pdf;jsessionid=65730062A49BECCA24CD076AFCBD1541?sequence=26,n/a,application/pdf
https://openaccess.leidenuniv.nl/bitstream/1887/512/27/cover2.pdf,200,https://openaccess.leidenuniv.nl/bitstream/handle/1887/512/cover2.pdf;jsessionid=853509D81D370D732CC64304EE3E089A?sequence=27,n/a,application/pdf
https://openaccess.leidenuniv.nl/bitstream/1887/513/1/Richardson.pdf,200,https://openaccess.leidenuniv.nl/bitstream/handle/1887/513/Richardson.pdf;jsessionid=684CD91EF96449113F4D233B3A11FE42?sequence=1,n/a,application/pdf
https://openaccess.leidenuniv.nl/bitstream/1887/513/3/Front.pdf,200,https://openaccess.leidenuniv.nl/bitstream/handle/1887/513/Front.pdf;jsessionid=CF5C37E7D55BA6F9083011DCC171A92D?sequence=3,n/a,application/pdf
https://openaccess.leidenuniv.nl/bitstream/1887/513/4/TOC.pdf,200,https://openaccess.leidenuniv.nl/bitstream/handle/1887/513/TOC.pdf;jsessionid=1877ACC39AFFB65E9A5655748A6BD365?sequence=4,n/a,application/pdf
https://openaccess.leidenuniv.nl/bitstream/1887/513/5/Introduction.pdf,200,https://openaccess.leidenuniv.nl/bitstream/handle/1887/513/Introduction.pdf;jsessionid=8AD6AE4196ADBAF52EEE0786C345769F?sequence=5,n/a,application/pdf
https://openaccess.leidenuniv.nl/bitstream/1887/513/6/01.pdf,200,https://openaccess.leidenuniv.nl/bitstream/handle/1887/513/01.pdf;jsessionid=C3351A4203BCBB9228BF0D1F8A5B4C47?sequence=6,n/a,application/pdf
https://openaccess.leidenuniv.nl/bitstream/1887/513/7/02.pdf,200,https://openaccess.leidenuniv.nl/bitstream/handle/1887/513/02.pdf;jsessionid=F93EBFD86E458534676B0784C568D585?sequence=7,n/a,application/pdf
https://openaccess.leidenuniv.nl/bitstream/1887/513/8/03.pdf,200,https://openaccess.leidenuniv.nl/bitstream/handle/1887/513/03.pdf;jsessionid=D18C9082D4C88FF5AD43DA63C966B432?sequence=8,n/a,application/pdf
https://openaccess.leidenuniv.nl/bitstream/1887/513/9/04.pdf,200,https://openaccess.leidenuniv.nl/bitstream/handle/1887/513/04.pdf;jsessionid=401BCE65D5D57D8FB041B0D4998FE674?sequence=9,n/a,application/pdf
https://openaccess.leidenuniv.nl/bitstream/1887/513/10/05.pdf,200,https://openaccess.leidenuniv.nl/bitstream/handle/1887/513/05.pdf;jsessionid=E9F5AC4557DF2B9C3D35F04BA4F3FE1A?sequence=10,n/a,application/pdf
https://openaccess.leidenuniv.nl/bitstream/1887/513/11/06.pdf,200,https://openaccess.leidenuniv.nl/bitstream/handle/1887/513/06.pdf;jsessionid=EC739ED79AA0B10F8CDAD373579092A2?sequence=11,n/a,application/pdf
https://openaccess.leidenuniv.nl/bitstream/1887/513/12/07.pdf,200,https://openaccess.leidenuniv.nl/bitstream/handle/1887/513/07.pdf;jsessionid=7962563A8E95AA75F438A61EA652E63B?sequence=12,n/a,application/pdf
https://openaccess.leidenuniv.nl/bitstream/1887/513/13/Conclusion.pdf,200,https://openaccess.leidenuniv.nl/bitstream/handle/1887/513/Conclusion.pdf;jsessionid=9D3AA556B9B67D8A0AD0F0A3D812EB01?sequence=13,n/a,application/pdf
https://openaccess.leidenuniv.nl/bitstream/1887/513/14/Samenvatting.pdf,200,https://openaccess.leidenuniv.nl/bitstream/handle/1887/513/Samenvatting.pdf;jsessionid=E899EDA86137900BE508B63E25ACA5F8?sequence=14,n/a,application/pdf
https://openaccess.leidenuniv.nl/bitstream/1887/513/15/References.pdf,200,https://openaccess.leidenuniv.nl/bitstream/handle/1887/513/References.pdf;jsessionid=261EEAC3AE80A16C413D5EFD11B8A347?sequence=15,n/a,application/pdf
https://openaccess.leidenuniv.nl/bitstream/1887/513/16/Index.pdf,200,https://openaccess.leidenuniv.nl/bitstream/handle/1887/513/Index.pdf;jsessionid=ECEC1EFCCB18F7E7CC08C41FEF174075?sequence=16,n/a,application/pdf
https://openaccess.leidenuniv.nl/bitstream/1887/513/17/CV.pdf,200,https://openaccess.leidenuniv.nl/bitstream/handle/1887/513/CV.pdf;jsessionid=06CA627878CECD3AAE6E70AA6FB308D7?sequence=17,n/a,application/pdf
https://openaccess.leidenuniv.nl/bitstream/1887/514/1/Abstract.pdf,200,https://openaccess.leidenuniv.nl/bitstream/handle/1887/514/Abstract.pdf;jsessionid=2D0F0CC0557CB26BB72549C538D0CA42?sequence=1,n/a,application/pdf
https://openaccess.leidenuniv.nl/bitstream/1887/514/10/Hardeveld.pdf,200,https://openaccess.leidenuniv.nl/bitstream/handle/1887/514/Hardeveld.pdf;jsessionid=DFDFAD921C94C3ACFC3695BE314D4606?sequence=10,n/a,application/pdf
https://openaccess.leidenuniv.nl/bitstream/1887/514/2/Front.pdf,200,https://openaccess.leidenuniv.nl/bitstream/handle/1887/514/Front.pdf;jsessionid=8240F0270A90F84DC76E8A3304A5C180?sequence=2,n/a,application/pdf
https://openaccess.leidenuniv.nl/bitstream/1887/514/3/Contents.pdf,200,https://openaccess.leidenuniv.nl/bitstream/handle/1887/514/Contents.pdf;jsessionid=C26B1137835CB61CEA6EE1EF8B2AB7B2?sequence=3,n/a,application/pdf
https://openaccess.leidenuniv.nl/bitstream/1887/514/4/01.pdf,200,https://openaccess.leidenuniv.nl/bitstream/handle/1887/514/01.pdf;jsessionid=451439CA35D7F34B1F51127B239DD927?sequence=4,n/a,application/pdf
https://openaccess.leidenuniv.nl/bitstream/1887/514/5/02.pdf,200,https://openaccess.leidenuniv.nl/bitstream/handle/1887/514/02.pdf;jsessionid=65F530FEB40134B8BEF3939A94E8683A?sequence=5,n/a,application/pdf
https://openaccess.leidenuniv.nl/bitstream/1887/514/6/03.pdf,200,https://openaccess.leidenuniv.nl/bitstream/handle/1887/514/03.pdf;jsessionid=C5BB4EAE2A8454CE8D8865A46A3A4DF6?sequence=6,n/a,application/pdf
https://openaccess.leidenuniv.nl/bitstream/1887/514/7/04.pdf,200,https://openaccess.leidenuniv.nl/bitstream/handle/1887/514/04.pdf;jsessionid=91FFE318BAB6EEB6C5219539DA8DE730?sequence=7,n/a,application/pdf
https://openaccess.leidenuniv.nl/bitstream/1887/514/8/05.pdf,200,https://openaccess.leidenuniv.nl/bitstream/handle/1887/514/05.pdf;jsessionid=0215227BCF69D32C15765F2D6273C55E?sequence=8,n/a,application/pdf
https://openaccess.leidenuniv.nl/bitstream/1887/514/9/Stellingen.pdf,200,https://openaccess.leidenuniv.nl/bitstream/handle/1887/514/Stellingen.pdf;jsessionid=4D766FFE00084B15F9A1959445FDC69D?sequence=9,n/a,application/pdf
https://openaccess.leidenuniv.nl/bitstream/1887/515/16/Karssen.pdf,200,https://openaccess.leidenuniv.nl/bitstream/handle/1887/515/Karssen.pdf;jsessionid=7B7A451CFA47304567E1FB57AC976919?sequence=16,n/a,application/pdf
https://openaccess.leidenuniv.nl/bitstream/1887/515/2/Front.pdf,200,https://openaccess.leidenuniv.nl/bitstream/handle/1887/515/Front.pdf;jsessionid=93AF4705CD6EE2B20684D7841BB34C7E?sequence=2,n/a,application/pdf
https://openaccess.leidenuniv.nl/bitstream/1887/515/3/Contents.pdf,200,https://openaccess.leidenuniv.nl/bitstream/handle/1887/515/Contents.pdf;jsessionid=7D46756A90A7055BB8CB31828CCDE311?sequence=3,n/a,application/pdf
https://openaccess.leidenuniv.nl/bitstream/1887/515/4/01.pdf,200,https://openaccess.leidenuniv.nl/bitstream/handle/1887/515/01.pdf;jsessionid=4D19D71EF79EB89F3BBD6376B024D70A?sequence=4,n/a,application/pdf
https://openaccess.leidenuniv.nl/bitstream/1887/515/5/02.pdf,200,https://openaccess.leidenuniv.nl/bitstream/handle/1887/515/02.pdf;jsessionid=934C8BD207C3F7F4B3D746AE8559EE75?sequence=5,n/a,application/pdf
https://openaccess.leidenuniv.nl/bitstream/1887/515/6/03.pdf,200,https://openaccess.leidenuniv.nl/bitstream/handle/1887/515/03.pdf;jsessionid=76E312970366CD196AF8AEBFA1120638?sequence=6,n/a,application/pdf
https://openaccess.leidenuniv.nl/bitstream/1887/515/7/04.pdf,200,https://openaccess.leidenuniv.nl/bitstream/handle/1887/515/04.pdf;jsessionid=0DDD298A71B45D4D1758B0A6C92D2A36?sequence=7,n/a,application/pdf
https://openaccess.leidenuniv.nl/bitstream/1887/515/8/05.pdf,200,https://openaccess.leidenuniv.nl/bitstream/handle/1887/515/05.pdf;jsessionid=56BE08AEB307DDD535BCF946FC3517DC?sequence=8,n/a,application/pdf
https://openaccess.leidenuniv.nl/bitstream/1887/515/9/06.pdf,200,https://openaccess.leidenuniv.nl/bitstream/handle/1887/515/06.pdf;jsessionid=497F8845F6886493CC51CD356DDB7AB7?sequence=9,n/a,application/pdf
https://openaccess.leidenuniv.nl/bitstream/1887/515/10/07.pdf,200,https://openaccess.leidenuniv.nl/bitstream/handle/1887/515/07.pdf;jsessionid=35871C167F1DFD1F71A58DE9FAE77EC2?sequence=10,n/a,application/pdf
https://openaccess.leidenuniv.nl/bitstream/1887/515/11/08.pdf,200,https://openaccess.leidenuniv.nl/bitstream/handle/1887/515/08.pdf;jsessionid=9C8D15D932137D35A3E8BE1F6817E0B1?sequence=11,n/a,application/pdf
https://openaccess.leidenuniv.nl/bitstream/1887/515/12/09.pdf,200,https://openaccess.leidenuniv.nl/bitstream/handle/1887/515/09.pdf;jsessionid=2BE533106B8D3028FE1C76C2C1FF68BE?sequence=12,n/a,application/pdf
https://openaccess.leidenuniv.nl/bitstream/1887/515/13/Pub.pdf,200,https://openaccess.leidenuniv.nl/bitstream/handle/1887/515/Pub.pdf;jsessionid=FDFDA2E1CC5698972EEBB4CDCECE3FA5?sequence=13,n/a,application/pdf
https://openaccess.leidenuniv.nl/bitstream/1887/515/14/Nawoord.pdf,200,https://openaccess.leidenuniv.nl/bitstream/handle/1887/515/Nawoord.pdf;jsessionid=85B1CF39ABB455A024F6CCD95F2AB870?sequence=14,n/a,application/pdf
https://openaccess.leidenuniv.nl/bitstream/1887/515/15/Cv.pdf,200,https://openaccess.leidenuniv.nl/bitstream/handle/1887/515/Cv.pdf;jsessionid=EC89F7A999F4CF4A438C9D51AE12FF44?sequence=15,n/a,application/pdf
https://openaccess.leidenuniv.nl/bitstream/1887/516/1/Abstract.pdf,200,https://openaccess.leidenuniv.nl/bitstream/handle/1887/516/Abstract.pdf;jsessionid=F4CAB9C4EBFEBA1C1A3544A3CB0E67E5?sequence=1,n/a,application/pdf
https://openaccess.leidenuniv.nl/bitstream/1887/516/13/Dhondt.pdf,200,https://openaccess.leidenuniv.nl/bitstream/handle/1887/516/Dhondt.pdf;jsessionid=7EBFDD3CC34A419D8CC749C77B353FFE?sequence=13,n/a,application/pdf
https://openaccess.leidenuniv.nl/bitstream/1887/516/2/Front.pdf,200,https://openaccess.leidenuniv.nl/bitstream/handle/1887/516/Front.pdf;jsessionid=D684D37CF0CF2843BA4E3B7727734417?sequence=2,n/a,application/pdf
https://openaccess.leidenuniv.nl/bitstream/1887/516/3/Contents.pdf,200,https://openaccess.leidenuniv.nl/bitstream/handle/1887/516/Contents.pdf;jsessionid=BD10443247608B80C87FE800B95512AC?sequence=3,n/a,application/pdf
https://openaccess.leidenuniv.nl/bitstream/1887/516/4/01.pdf,200,https://openaccess.leidenuniv.nl/bitstream/handle/1887/516/01.pdf;jsessionid=602684AA8D1636BFFFCE1D5826EEDADD?sequence=4,n/a,application/pdf
https://openaccess.leidenuniv.nl/bitstream/1887/516/5/02.pdf,200,https://openaccess.leidenuniv.nl/bitstream/handle/1887/516/02.pdf;jsessionid=03C20DDD0D182AEFC16A42D018BBF587?sequence=5,n/a,application/pdf
https://openaccess.leidenuniv.nl/bitstream/1887/516/6/03.pdf,200,https://openaccess.leidenuniv.nl/bitstream/handle/1887/516/03.pdf;jsessionid=A14FB5A2E0961BD4B35F21A8B086D0B2?sequence=6,n/a,application/pdf
https://openaccess.leidenuniv.nl/bitstream/1887/516/7/04.pdf,200,https://openaccess.leidenuniv.nl/bitstream/handle/1887/516/04.pdf;jsessionid=81BF0972E95324A89CE2DC2BD10279FF?sequence=7,n/a,application/pdf
https://openaccess.leidenuniv.nl/bitstream/1887/516/8/05.pdf,200,https://openaccess.leidenuniv.nl/bitstream/handle/1887/516/05.pdf;jsessionid=BC50EDBD42E9D78784A8D0EBCB87B059?sequence=8,n/a,application/pdf
https://openaccess.leidenuniv.nl/bitstream/1887/516/9/06.pdf,200,https://openaccess.leidenuniv.nl/bitstream/handle/1887/516/06.pdf;jsessionid=CC8815C4791D3461DE65BCCB10AC2D05?sequence=9,n/a,application/pdf
https://openaccess.leidenuniv.nl/bitstream/1887/516/10/07.pdf,200,https://openaccess.leidenuniv.nl/bitstream/handle/1887/516/07.pdf;jsessionid=BDA9FE855083B08AE57B088975A3C483?sequence=10,n/a,application/pdf
https://openaccess.leidenuniv.nl/bitstream/1887/516/11/08.pdf,200,https://openaccess.leidenuniv.nl/bitstream/handle/1887/516/08.pdf;jsessionid=41B54ECA40CC52CB8CA491CE83EA84B6?sequence=11,n/a,application/pdf
https://openaccess.leidenuniv.nl/bitstream/1887/516/12/Back.pdf,200,https://openaccess.leidenuniv.nl/bitstream/handle/1887/516/Back.pdf;jsessionid=F3DD0DE0330EF3B84AC6FE7F7C12EF89?sequence=12,n/a,application/pdf
https://openaccess.leidenuniv.nl/bitstream/1887/517/1/Abstract.pdf,200,https://openaccess.leidenuniv.nl/bitstream/handle/1887/517/Abstract.pdf;jsessionid=558954B2E1FD1412ABBCF98EFA23DE38?sequence=1,n/a,application/pdf
https://openaccess.leidenuniv.nl/bitstream/1887/517/10/Gravendeel.pdf,200,https://openaccess.leidenuniv.nl/bitstream/handle/1887/517/Gravendeel.pdf;jsessionid=D05F2980F7A769FD19845DF0C483EAA0?sequence=10,n/a,application/pdf
https://openaccess.leidenuniv.nl/bitstream/1887/517/2/Front.pdf,200,https://openaccess.leidenuniv.nl/bitstream/handle/1887/517/Front.pdf;jsessionid=B7B595D1CDC79892129D8094CF2A78DF?sequence=2,n/a,application/pdf
https://openaccess.leidenuniv.nl/bitstream/1887/517/3/Contents.pdf,200,https://openaccess.leidenuniv.nl/bitstream/handle/1887/517/Contents.pdf;jsessionid=6F6056A0CA8B2D0328D2E1F3E08E8240?sequence=3,n/a,application/pdf
https://openaccess.leidenuniv.nl/bitstream/1887/517/4/01.pdf,200,https://openaccess.leidenuniv.nl/bitstream/handle/1887/517/01.pdf;jsessionid=AEA3B653D4A1DE1CA36216C913C0A279?sequence=4,n/a,application/pdf
https://openaccess.leidenuniv.nl/bitstream/1887/517/5/02.pdf,200,https://openaccess.leidenuniv.nl/bitstream/handle/1887/517/02.pdf;jsessionid=BE438530C91ED011ADA765FDB55C6E76?sequence=5,n/a,application/pdf
https://openaccess.leidenuniv.nl/bitstream/1887/517/6/03.pdf,200,https://openaccess.leidenuniv.nl/bitstream/handle/1887/517/03.pdf;jsessionid=4044FEFB4B6194BAFB3A01DC74B254B3?sequence=6,n/a,application/pdf
https://openaccess.leidenuniv.nl/bitstream/1887/517/7/04.pdf,200,https://openaccess.leidenuniv.nl/bitstream/handle/1887/517/04.pdf;jsessionid=15213A67BF4314C6B884DE7BB7A69FC2?sequence=7,n/a,application/pdf
https://openaccess.leidenuniv.nl/bitstream/1887/517/8/05.pdf,200,https://openaccess.leidenuniv.nl/bitstream/handle/1887/517/05.pdf;jsessionid=E6D4C7F40EC1A6F1D6825F71B2A825CC?sequence=8,n/a,application/pdf
https://openaccess.leidenuniv.nl/bitstream/1887/517/9/06.pdf,200,https://openaccess.leidenuniv.nl/bitstream/handle/1887/517/06.pdf;jsessionid=3AA7C2CA711C390507E225D74FA10FC8?sequence=9,n/a,application/pdf
https://openaccess.leidenuniv.nl/bitstream/1887/517/12/Stellingen.pdf,200,https://openaccess.leidenuniv.nl/bitstream/handle/1887/517/Stellingen.pdf;jsessionid=20E8CBF06736266E78FA076C1606ED6E?sequence=12,n/a,application/pdf
https://openaccess.leidenuniv.nl/bitstream/1887/556/17/Kapiteijn.pdf,200,https://openaccess.leidenuniv.nl/bitstream/handle/1887/556/Kapiteijn.pdf;jsessionid=DB0D33E62E710C79E646FD1347BF672B?sequence=17,n/a,application/pdf
https://openaccess.leidenuniv.nl/bitstream/1887/556/1/Front.pdf,200,https://openaccess.leidenuniv.nl/bitstream/handle/1887/556/Front.pdf;jsessionid=6967756F16C167D2AE255CA12D6F77FC?sequence=1,n/a,application/pdf
https://openaccess.leidenuniv.nl/bitstream/1887/556/2/Contents.pdf,200,https://openaccess.leidenuniv.nl/bitstream/handle/1887/556/Contents.pdf;jsessionid=DBE4E72FB0DE2573B88012846E16B553?sequence=2,n/a,application/pdf
https://openaccess.leidenuniv.nl/bitstream/1887/556/3/01.pdf,200,https://openaccess.leidenuniv.nl/bitstream/handle/1887/556/01.pdf;jsessionid=D4A28C4B95869EDAEB0FBE74370327A0?sequence=3,n/a,application/pdf
https://openaccess.leidenuniv.nl/bitstream/1887/556/4/02.pdf,200,https://openaccess.leidenuniv.nl/bitstream/handle/1887/556/02.pdf;jsessionid=C4320B9D8B8A2D4300C028D0C72CA5B5?sequence=4,n/a,application/pdf
https://openaccess.leidenuniv.nl/bitstream/1887/556/5/03.pdf,200,https://openaccess.leidenuniv.nl/bitstream/handle/1887/556/03.pdf;jsessionid=9142867EE0ADA980B2AF425C606A4D8C?sequence=5,n/a,application/pdf
https://openaccess.leidenuniv.nl/bitstream/1887/556/6/04.pdf,200,https://openaccess.leidenuniv.nl/bitstream/handle/1887/556/04.pdf;jsessionid=5F7D1A09E573112C367C713030D0F747?sequence=6,n/a,application/pdf
https://openaccess.leidenuniv.nl/bitstream/1887/556/7/05.pdf,200,https://openaccess.leidenuniv.nl/bitstream/handle/1887/556/05.pdf;jsessionid=C876B8F30DDA2F4280DEC51852D97FE6?sequence=7,n/a,application/pdf
https://openaccess.leidenuniv.nl/bitstream/1887/556/8/06.pdf,200,https://openaccess.leidenuniv.nl/bitstream/handle/1887/556/06.pdf;jsessionid=3C08546C8183D2446D171B0A34753867?sequence=8,n/a,application/pdf
https://openaccess.leidenuniv.nl/bitstream/1887/556/9/07.pdf,200,https://openaccess.leidenuniv.nl/bitstream/handle/1887/556/07.pdf;jsessionid=030390A0B99A4042D68E6C3A3765C8D6?sequence=9,n/a,application/pdf
https://openaccess.leidenuniv.nl/bitstream/1887/556/10/08.pdf,200,https://openaccess.leidenuniv.nl/bitstream/handle/1887/556/08.pdf;jsessionid=A23B2877EB9615B2DB2CFAE1DD066DBA?sequence=10,n/a,application/pdf
https://openaccess.leidenuniv.nl/bitstream/1887/556/11/09.pdf,200,https://openaccess.leidenuniv.nl/bitstream/handle/1887/556/09.pdf;jsessionid=10FD82DE17414E0AAFD2017517639E71?sequence=11,n/a,application/pdf
https://openaccess.leidenuniv.nl/bitstream/1887/556/12/10.pdf,200,https://openaccess.leidenuniv.nl/bitstream/handle/1887/556/10.pdf;jsessionid=C3C7A4335E6DA6B76F12E9CBFD9D9D55?sequence=12,n/a,application/pdf
https://openaccess.leidenuniv.nl/bitstream/1887/556/14/11.pdf,200,https://openaccess.leidenuniv.nl/bitstream/handle/1887/556/11.pdf;jsessionid=7CD6024CF86C5971097647311895B752?sequence=14,n/a,application/pdf
https://openaccess.leidenuniv.nl/bitstream/1887/556/13/12.pdf,200,https://openaccess.leidenuniv.nl/bitstream/handle/1887/556/12.pdf;jsessionid=ABF6A10C02F85EAA1A29B2C48D608276?sequence=13,n/a,application/pdf
https://openaccess.leidenuniv.nl/bitstream/1887/556/15/Dankwoord.pdf,200,https://openaccess.leidenuniv.nl/bitstream/handle/1887/556/Dankwoord.pdf;jsessionid=34AD29559D7E1FDC35799C7BAFAFFC26?sequence=15,n/a,application/pdf
https://openaccess.leidenuniv.nl/bitstream/1887/556/16/Stellingen.pdf,200,https://openaccess.leidenuniv.nl/bitstream/handle/1887/556/Stellingen.pdf;jsessionid=673E9C03061E34C526089ACD5ADFE033?sequence=16,n/a,application/pdf
https://openaccess.leidenuniv.nl/bitstream/1887/557/15/Gussekloo.pdf,200,https://openaccess.leidenuniv.nl/bitstream/handle/1887/557/Gussekloo.pdf;jsessionid=37A2176EF9DE80D0460D535BA7AEEA81?sequence=15,n/a,application/pdf
https://openaccess.leidenuniv.nl/bitstream/1887/557/1/Front.pdf,200,https://openaccess.leidenuniv.nl/bitstream/handle/1887/557/Front.pdf;jsessionid=12B13F9981AD7304CB956970CD3FBA63?sequence=1,n/a,application/pdf
https://openaccess.leidenuniv.nl/bitstream/1887/557/12/Contents.pdf,200,https://openaccess.leidenuniv.nl/bitstream/handle/1887/557/Contents.pdf;jsessionid=854D240D3DA76DF4F1945CB7F250E943?sequence=12,n/a,application/pdf
https://openaccess.leidenuniv.nl/bitstream/1887/557/3/01.pdf,200,https://openaccess.leidenuniv.nl/bitstream/handle/1887/557/01.pdf;jsessionid=C20B6E4F9B975E342C94D3CB9235F1B9?sequence=3,n/a,application/pdf
https://openaccess.leidenuniv.nl/bitstream/1887/557/4/02.pdf,200,https://openaccess.leidenuniv.nl/bitstream/handle/1887/557/02.pdf;jsessionid=80919623CE4ECB4B4B0A5590220ED971?sequence=4,n/a,application/pdf
https://openaccess.leidenuniv.nl/bitstream/1887/557/5/03.pdf,200,https://openaccess.leidenuniv.nl/bitstream/handle/1887/557/03.pdf;jsessionid=9A0135C99156C65D7E9842541029CE96?sequence=5,n/a,application/pdf
https://openaccess.leidenuniv.nl/bitstream/1887/557/6/04.pdf,200,https://openaccess.leidenuniv.nl/bitstream/handle/1887/557/04.pdf;jsessionid=92F848CF4C5E60FA76C5FE01795D9980?sequence=6,n/a,application/pdf
https://openaccess.leidenuniv.nl/bitstream/1887/557/7/05.pdf,200,https://openaccess.leidenuniv.nl/bitstream/handle/1887/557/05.pdf;jsessionid=45E9B7389E6591364E18C9DE1409FB68?sequence=7,n/a,application/pdf
https://openaccess.leidenuniv.nl/bitstream/1887/557/8/06.pdf,200,https://openaccess.leidenuniv.nl/bitstream/handle/1887/557/06.pdf;jsessionid=D96484781E2786727D29B73021108964?sequence=8,n/a,application/pdf
https://openaccess.leidenuniv.nl/bitstream/1887/557/9/07.pdf,200,https://openaccess.leidenuniv.nl/bitstream/handle/1887/557/07.pdf;jsessionid=1BD929B09BE33475A1A31EF26A638E50?sequence=9,n/a,application/pdf
https://openaccess.leidenuniv.nl/bitstream/1887/557/10/08.pdf,200,https://openaccess.leidenuniv.nl/bitstream/handle/1887/557/08.pdf;jsessionid=154942C200170F1720068240017000A8?sequence=10,n/a,application/pdf
https://openaccess.leidenuniv.nl/bitstream/1887/557/2/09.pdf,200,https://openaccess.leidenuniv.nl/bitstream/handle/1887/557/09.pdf;jsessionid=9018815DFA39FCA07822710C38E503FB?sequence=2,n/a,application/pdf
https://openaccess.leidenuniv.nl/bitstream/1887/557/11/10.pdf,200,https://openaccess.leidenuniv.nl/bitstream/handle/1887/557/10.pdf;jsessionid=DC6BE0A3C6F58284252869C005B5C238?sequence=11,n/a,application/pdf
https://openaccess.leidenuniv.nl/bitstream/1887/557/13/Dankwoord.pdf,200,https://openaccess.leidenuniv.nl/bitstream/handle/1887/557/Dankwoord.pdf;jsessionid=E896B8197B76F0A68731C4965CBC7DD5?sequence=13,n/a,application/pdf
https://openaccess.leidenuniv.nl/bitstream/1887/557/14/Stellingen.pdf,200,https://openaccess.leidenuniv.nl/bitstream/handle/1887/557/Stellingen.pdf;jsessionid=F44B6D2BA6C0DF722A87BA7576A6F2C6?sequence=14,n/a,application/pdf
https://openaccess.leidenuniv.nl/bitstream/1887/558/12/Duijn.pdf,200,https://openaccess.leidenuniv.nl/bitstream/handle/1887/558/Duijn.pdf;jsessionid=4C1690FE1EC852CCCBEDDEA102443647?sequence=12,n/a,application/pdf
https://openaccess.leidenuniv.nl/bitstream/1887/558/1/Front.pdf,200,https://openaccess.leidenuniv.nl/bitstream/handle/1887/558/Front.pdf;jsessionid=DBC2563D65E329F205397A925512514B?sequence=1,n/a,application/pdf
https://openaccess.leidenuniv.nl/bitstream/1887/558/2/Contents.pdf,200,https://openaccess.leidenuniv.nl/bitstream/handle/1887/558/Contents.pdf;jsessionid=CE8EF5A54832710A9603DF66844F1660?sequence=2,n/a,application/pdf
https://openaccess.leidenuniv.nl/bitstream/1887/558/4/01.pdf,200,https://openaccess.leidenuniv.nl/bitstream/handle/1887/558/01.pdf;jsessionid=AD32C9EB2103CAEC857D8CC7509FAAD7?sequence=4,n/a,application/pdf
https://openaccess.leidenuniv.nl/bitstream/1887/558/5/02.pdf,200,https://openaccess.leidenuniv.nl/bitstream/handle/1887/558/02.pdf;jsessionid=EF5D11E9E41D6B714D5251362D6F8C92?sequence=5,n/a,application/pdf
https://openaccess.leidenuniv.nl/bitstream/1887/558/6/03.pdf,200,https://openaccess.leidenuniv.nl/bitstream/handle/1887/558/03.pdf;jsessionid=467AC41B7F4545A117E16300D9411C8D?sequence=6,n/a,application/pdf
https://openaccess.leidenuniv.nl/bitstream/1887/558/7/04.pdf,200,https://openaccess.leidenuniv.nl/bitstream/handle/1887/558/04.pdf;jsessionid=8812D633244301AB86A3347618BEC6F8?sequence=7,n/a,application/pdf
https://openaccess.leidenuniv.nl/bitstream/1887/558/8/05.pdf,200,https://openaccess.leidenuniv.nl/bitstream/handle/1887/558/05.pdf;jsessionid=60588ED463843FAAE41DE46D6F739658?sequence=8,n/a,application/pdf
https://openaccess.leidenuniv.nl/bitstream/1887/558/9/06.pdf,200,https://openaccess.leidenuniv.nl/bitstream/handle/1887/558/06.pdf;jsessionid=849897BDA0691BEC79476F5B85D2CE03?sequence=9,n/a,application/pdf
https://openaccess.leidenuniv.nl/bitstream/1887/558/10/07.pdf,200,https://openaccess.leidenuniv.nl/bitstream/handle/1887/558/07.pdf;jsessionid=5C990D9E668D6F3998AFCC3B14A362CE?sequence=10,n/a,application/pdf
https://openaccess.leidenuniv.nl/bitstream/1887/558/11/08.pdf,200,https://openaccess.leidenuniv.nl/bitstream/handle/1887/558/08.pdf;jsessionid=2EFD5EA896441264ECF539AF8B49500A?sequence=11,n/a,application/pdf
https://openaccess.leidenuniv.nl/bitstream/1887/559/11/Lelieveldt.pdf,200,https://openaccess.leidenuniv.nl/bitstream/handle/1887/559/Lelieveldt.pdf;jsessionid=A490496D72AD848D3B8323FCF9AF67C7?sequence=11,attachment;filename=Lelieveldt.pdf,application/pdf
https://openaccess.leidenuniv.nl/bitstream/1887/559/1/Front.pdf,200,https://openaccess.leidenuniv.nl/bitstream/handle/1887/559/Front.pdf;jsessionid=4A8F90AD9AF353FCF3D6DB85E6E71708?sequence=1,n/a,application/pdf
https://openaccess.leidenuniv.nl/bitstream/1887/559/2/Contents.pdf,200,https://openaccess.leidenuniv.nl/bitstream/handle/1887/559/Contents.pdf;jsessionid=8E27A9A8585526BA10E3BD9222D59A44?sequence=2,n/a,application/pdf
https://openaccess.leidenuniv.nl/bitstream/1887/559/3/01.pdf,200,https://openaccess.leidenuniv.nl/bitstream/handle/1887/559/01.pdf;jsessionid=A192A608584F02C8DCB91B0FA4AE92E9?sequence=3,n/a,application/pdf
https://openaccess.leidenuniv.nl/bitstream/1887/559/4/02.pdf,200,https://openaccess.leidenuniv.nl/bitstream/handle/1887/559/02.pdf;jsessionid=68BA4246415FCE3044C5A43DA97B57B4?sequence=4,n/a,application/pdf
https://openaccess.leidenuniv.nl/bitstream/1887/559/5/03.pdf,200,https://openaccess.leidenuniv.nl/bitstream/handle/1887/559/03.pdf;jsessionid=4A329A5059F483238CA865EBC3E31CB2?sequence=5,n/a,application/pdf
https://openaccess.leidenuniv.nl/bitstream/1887/559/6/04.pdf,200,https://openaccess.leidenuniv.nl/bitstream/handle/1887/559/04.pdf;jsessionid=79BAF648BE9DAD4D8A2766BA0D4E484F?sequence=6,n/a,application/pdf
https://openaccess.leidenuniv.nl/bitstream/1887/559/7/05.pdf,200,https://openaccess.leidenuniv.nl/bitstream/handle/1887/559/05.pdf;jsessionid=71B688C266493A6698D229263D0FA91A?sequence=7,n/a,application/pdf
https://openaccess.leidenuniv.nl/bitstream/1887/559/8/06.pdf,200,https://openaccess.leidenuniv.nl/bitstream/handle/1887/559/06.pdf;jsessionid=CB9AA12CA405A76CF3B9220A081B9C11?sequence=8,n/a,application/pdf
https://openaccess.leidenuniv.nl/bitstream/1887/559/9/07.pdf,200,https://openaccess.leidenuniv.nl/bitstream/handle/1887/559/07.pdf;jsessionid=38E9B01F0005EE068A5833C628899D94?sequence=9,n/a,application/pdf
https://openaccess.leidenuniv.nl/bitstream/1887/559/10/08.pdf,200,https://openaccess.leidenuniv.nl/bitstream/handle/1887/559/08.pdf;jsessionid=505AEF20C1B2B787C0FB6E9E3B6ED630?sequence=10,n/a,application/pdf
https://openaccess.leidenuniv.nl/bitstream/1887/559/13/Stellingen.pdf,200,https://openaccess.leidenuniv.nl/bitstream/handle/1887/559/Stellingen.pdf;jsessionid=DE2704F6B8982E13C8C7454838DADC89?sequence=13,n/a,application/pdf
https://cris.maastrichtuniversity.nl/ws/files/517281/guid-1d7ed3e6-7b2a-4a90-8c08-002a6461ee36-ASSET1.0,HTTP Error 401: Unauthorized,n/a,n/a,n/a
https://cris.maastrichtuniversity.nl/ws/files/518317/guid-440079ee-236e-451b-ae79-adcde06a7721-ASSET1.0,HTTP Error 401: Unauthorized,n/a,n/a,n/a
https://cris.maastrichtuniversity.nl/ws/files/5113913/misc29_Bon_pere_de_famille_WPNR_2014.pdf,HTTP Error 401: Unauthorized,n/a,n/a,n/a
https://cris.maastrichtuniversity.nl/ws/files/518575/guid-00924969-9c18-4a5c-8c6c-2c9dffac90b0-ASSET1.0,HTTP Error 401: Unauthorized,n/a,n/a,n/a
https://cris.maastrichtuniversity.nl/ws/files/518504/guid-5722565e-879d-422c-a0b1-ee8f10feb07c-ASSET1.0,HTTP Error 401: Unauthorized,n/a,n/a,n/a
https://cris.maastrichtuniversity.nl/ws/files/518511/guid-5722565e-879d-422c-a0b1-ee8f10feb07c-COVER.0,HTTP Error 401: Unauthorized,n/a,n/a,n/a
https://cris.maastrichtuniversity.nl/ws/files/518870/guid-9b65ec4c-bb99-432a-8ce1-9991e55ae2f4-ASSET1.0,HTTP Error 401: Unauthorized,n/a,n/a,n/a
https://cris.maastrichtuniversity.nl/ws/files/519390/guid-0fe69702-30ac-4e90-9d1e-45ce6aeb6774-ASSET1.0,HTTP Error 401: Unauthorized,n/a,n/a,n/a
https://cris.maastrichtuniversity.nl/ws/files/519657/guid-afa2d34f-d9fe-4036-89c9-be4faac403bc-ASSET1.0,HTTP Error 401: Unauthorized,n/a,n/a,n/a
https://cris.maastrichtuniversity.nl/ws/files/519580/guid-dce82ef5-c2dc-48f5-8701-1ad07e088a24-ASSET1.0,HTTP Error 401: Unauthorized,n/a,n/a,n/a
https://cris.maastrichtuniversity.nl/ws/files/520465/guid-530e52a0-e9d2-429a-8140-767c4cd2487c-ASSET1.0,HTTP Error 401: Unauthorized,n/a,n/a,n/a
https://pure.uva.nl/ws/files/711034/173801_Leftover_Space_Invisibility_and_Everyday.pdf,200,https://pure.uva.nl/ws/files/711034/173801_Leftover_Space_Invisibility_and_Everyday.pdf,n/a,application/pdf
https://pure.uva.nl/ws/files/710928/168149_Zack_2015_Future_Particles_EALL.pdf,200,https://pure.uva.nl/ws/files/710928/168149_Zack_2015_Future_Particles_EALL.pdf,n/a,application/pdf
https://pure.uva.nl/ws/files/710863/170806_From_bioavailability_science_to_regulation_of_organic_chemicals.pdf,200,https://pure.uva.nl/ws/files/710863/170806_From_bioavailability_science_to_regulation_of_organic_chemicals.pdf,n/a,application/pdf
https://pure.uva.nl/ws/files/711243/173633_511247.pdf,200,https://pure.uva.nl/ws/files/711243/173633_511247.pdf,n/a,application/pdf
https://pure.uva.nl/ws/files/711869/170185_470630.pdf,200,https://pure.uva.nl/ws/files/711869/170185_470630.pdf,n/a,application/pdf
https://pure.uva.nl/ws/files/712341/226_3078y.pdf,200,https://pure.uva.nl/ws/files/712341/226_3078y.pdf,n/a,application/pdf
https://pure.uva.nl/ws/files/712010/302_3788y.pdf,200,https://pure.uva.nl/ws/files/712010/302_3788y.pdf,n/a,application/pdf
https://pure.uva.nl/ws/files/712087/175639_Onderzoeksrapport_Evaluatie_ontslaggronden_Wet_werk_en_zekerheid_Wwz_1.pdf,200,https://pure.uva.nl/ws/files/712087/175639_Onderzoeksrapport_Evaluatie_ontslaggronden_Wet_werk_en_zekerheid_Wwz_1.pdf,n/a,application/pdf
https://pure.uva.nl/ws/files/711892/225_3068y.pdf,200,https://pure.uva.nl/ws/files/711892/225_3068y.pdf,n/a,application/pdf
https://pure.uva.nl/ws/files/712594/304_3797y.pdf,200,https://pure.uva.nl/ws/files/712594/304_3797y.pdf,n/a,application/pdf
https://pure.uvt.nl/ws/files/150219/LEVENEND.PDF,200,https://pure.uvt.nl/ws/files/150219/LEVENEND.PDF,n/a,application/pdf
https://pure.uvt.nl/ws/files/150055/edit5dd.PDF,200,https://pure.uvt.nl/ws/files/150055/edit5dd.PDF,n/a,application/pdf
https://pure.uvt.nl/ws/files/150056/MG02NEW_.PDF,200,https://pure.uvt.nl/ws/files/150056/MG02NEW_.PDF,n/a,application/pdf
https://pure.uvt.nl/ws/files/150163/POSTDIA_.PDF,200,https://pure.uvt.nl/ws/files/150163/POSTDIA_.PDF,n/a,application/pdf
https://pure.uvt.nl/ws/files/150523/OOGVAN__.PDF,200,https://pure.uvt.nl/ws/files/150523/OOGVAN__.PDF,n/a,application/pdf
https://pure.uvt.nl/ws/files/151381/AANSPRAK.PDF,200,https://pure.uvt.nl/ws/files/151381/AANSPRAK.PDF,n/a,application/pdf
https://pure.uvt.nl/ws/files/151450/71391.pdf,200,https://pure.uvt.nl/ws/files/151450/71391.pdf,n/a,application/pdf
https://pure.uvt.nl/ws/files/151396/RECHTSWE.PDF,200,https://pure.uvt.nl/ws/files/151396/RECHTSWE.PDF,n/a,application/pdf
https://pure.uvt.nl/ws/files/151523/edit6ddr.PDF,200,https://pure.uvt.nl/ws/files/151523/edit6ddr.PDF,n/a,application/pdf
https://pure.uvt.nl/ws/files/151524/MG04NEW_.PDF,200,https://pure.uvt.nl/ws/files/151524/MG04NEW_.PDF,n/a,application/pdf
https://pure.uvt.nl/ws/files/152291/71434.pdf,200,https://pure.uvt.nl/ws/files/152291/71434.pdf,n/a,application/pdf
https://pure.uvt.nl/ws/files/152345/tekortnjb.PDF,200,https://pure.uvt.nl/ws/files/152345/tekortnjb.PDF,n/a,application/pdf
https://pure.uvt.nl/ws/files/152346/MG30NEW_.PDF,200,https://pure.uvt.nl/ws/files/152346/MG30NEW_.PDF,n/a,application/pdf
http://edepot.wur.nl/401646,200,http://edepot.wur.nl/401646,"inline; filename=""edepotlink_t58592b92_001.pdf""",application/pdf
http://edepot.wur.nl/401333,200,http://edepot.wur.nl/401333,"inline; filename=""edepotlink_i401333_001.pdf""",application/pdf
http://edepot.wur.nl/401380,200,http://edepot.wur.nl/401380,"inline; filename=""edepotlink_t5853bbdd_001.pdf""",application/pdf
http://edepot.wur.nl/401353,200,http://edepot.wur.nl/401353,"inline; filename=""edepotlink_t5853ae6c_001.pdf""",application/pdf
http://edepot.wur.nl/401337,200,http://edepot.wur.nl/401337,"inline; filename=""edepotlink_t58539bdb_001.pdf""",application/pdf
http://edepot.wur.nl/401336,200,http://edepot.wur.nl/401336,"inline; filename=""edepotlink_t5853992f_001.pdf""",application/pdf
http://edepot.wur.nl/401281,200,http://edepot.wur.nl/401281,"inline; filename=""edepotlink_t5852ab5f_001.pdf""",application/pdf
http://edepot.wur.nl/387379,200,http://edepot.wur.nl/387379,"inline; filename=""doi_i387379_001.pdf""",application/pdf
http://edepot.wur.nl/401503,200,http://edepot.wur.nl/401503,"inline; filename=""edepotlink_i401503_001.pdf""",application/pdf
http://edepot.wur.nl/401264,200,http://edepot.wur.nl/401264,"inline; filename=""edepotlink_t58529978_001.pdf""",application/pdf
http://repub.eur.nl/pub/16691/R.W.M.%20Giard%2C%20Voorlopig%20deskundigenbericht.pdf,200,https://repub.eur.nl/pub/16691/R.W.M.%20Giard%2C%20Voorlopig%20deskundigenbericht.pdf,"attachment; filename=""R.W.M. Giard, Voorlopig deskundigenbericht.pdf""; filename*=utf-8''R.W.M.%20Giard%2C%20Voorlopig%20deskundigenbericht.pdf",application/pdf
https://repub.eur.nl/pub/34875/metis_129322.pdf,200,https://repub.eur.nl/pub/34875/metis_129322.pdf,"attachment; filename=""metis_129322.pdf""; filename*=utf-8''metis_129322.pdf",application/pdf
http://repub.eur.nl/pub/53513/1-s2.0-S0140673611613524-main.pdf,200,https://repub.eur.nl/pub/53513/1-s2.0-S0140673611613524-main.pdf,"attachment; filename=""1-s2.0-S0140673611613524-main.pdf""; filename*=utf-8''1-s2.0-S0140673611613524-main.pdf",application/pdf
http://repub.eur.nl/pub/8612/8645175.pdf,200,https://repub.eur.nl/pub/8612/8645175.pdf,"attachment; filename=""8645175.pdf""; filename*=utf-8''8645175.pdf",application/pdf
http://repub.eur.nl/pub/71978/s13380-014-0217-7.pdf,200,https://repub.eur.nl/pub/71978/s13380-014-0217-7.pdf,"attachment; filename=""s13380-014-0217-7.pdf""; filename*=utf-8''s13380-014-0217-7.pdf",application/pdf
http://alexandria.tue.nl/repository/books/1067.pdf,200,http://alexandria.tue.nl/repository/books/1067.pdf,n/a,application/pdf
http://alexandria.tue.nl/extra1/dictaten/wiski/3704.pdf,HTTP Error 403: Forbidden,n/a,n/a,n/a
http://alexandria.tue.nl/repository/books/13298.pdf,200,http://alexandria.tue.nl/repository/books/13298.pdf,n/a,application/pdf
http://alexandria.tue.nl/repository/books/20513.pdf,200,http://alexandria.tue.nl/repository/books/20513.pdf,n/a,application/pdf
http://alexandria.tue.nl/extra1/dictaten/wiski/21758.pdf,HTTP Error 403: Forbidden,n/a,n/a,n/a
http://alexandria.tue.nl/extra1/dictaten/wiski/21760.pdf,HTTP Error 403: Forbidden,n/a,n/a,n/a
http://alexandria.tue.nl/extra1/dictaten/24490.pdf,HTTP Error 403: Forbidden,n/a,n/a,n/a
http://alexandria.tue.nl/extra1/dictaten/wiski/29924-1969.pdf,HTTP Error 403: Forbidden,n/a,n/a,n/a
http://alexandria.tue.nl/repository/books/3086.pdf,200,http://alexandria.tue.nl/repository/books/3086.pdf,n/a,application/pdf
http://alexandria.tue.nl/repository/books/7632.pdf,200,http://alexandria.tue.nl/repository/books/7632.pdf,n/a,application/pdf
